pipeline,analysis_severity,n,ok,failure_rate_percent,BLC_CV,relaxed_JAF_invalid_percent
SAM-3DBody,none,30,30,0.0,0.03481954828113553,1.111111111111111
SAM-3DBody,partial,30,30,0.0,0.04236386805748903,4.444444444444443
SAM-3DBody,severe,30,30,0.0,0.056573678598566816,0.0
AlphaPose-MotionBERT,none,30,30,0.0,0.23070371174260254,6.111111111111111
AlphaPose-MotionBERT,partial,30,30,0.0,0.21459706983832857,4.444444444444444
AlphaPose-MotionBERT,severe,30,30,0.0,0.3139405117699085,3.8888888888888875
