pipeline,occlusion_level,n,ok,failure_rate_percent,BLC_CV,JAF_invalid_percent
AlphaPose-MotionBERT,none,29247,29247,0.0,0.38836265734337333,23.70898439726011
SAM-3DBody,none,29247,29247,0.0,0.15703547792444447,0.021084783624531287
AlphaPose-MotionBERT,partial,7314,7314,0.0,0.4847499111392626,8.768571688998266
SAM-3DBody,partial,7314,7313,0.013672409078480108,0.18175014268385126,0.002279046446966589
AlphaPose-MotionBERT,severe,3930,3930,0.0,0.524285702830078,16.34435962680237
SAM-3DBody,severe,3930,3930,0.0,0.19692564708568924,0.0
