pipeline,analysis_severity,n,ok,failure_rate_percent,BLC_CV,relaxed_JAF_invalid_percent
SAM-3DBody,none,100,100,0.0,0.03526117713480384,1.333333333333333
SAM-3DBody,partial,100,100,0.0,0.04222087155682281,4.333333333333333
SAM-3DBody,severe,100,100,0.0,0.053436026863488945,0.49999999999999994
AlphaPose-MotionBERT,none,100,100,0.0,0.22086099466392636,5.499999999999999
AlphaPose-MotionBERT,partial,100,100,0.0,0.22951288727046054,5.166666666666665
AlphaPose-MotionBERT,severe,100,100,0.0,0.29416884982815655,7.499999999999997
