synthetic_level,n,visible_left_shoulder,visible_right_shoulder,visible_left_elbow,visible_right_elbow,visible_left_wrist,visible_right_wrist,visible_left_hip,visible_right_hip,visible_left_knee,visible_right_knee,visible_left_ankle,visible_right_ankle
none,360,1.0,1.0,1.0,1.0,0.975,0.9611111111111111,1.0,1.0,0.9777777777777777,0.9916666666666667,0.9972222222222222,1.0
partial,360,0.8722222222222222,0.875,0.8388888888888889,0.8416666666666667,0.5,0.6944444444444444,0.8694444444444445,0.875,0.4888888888888889,0.4888888888888889,0.4583333333333333,0.44166666666666665
severe,360,0.14722222222222223,0.1527777777777778,0.030555555555555555,0.08055555555555556,0.002777777777777778,0.013888888888888888,0.0,0.0,0.0,0.0,0.0,0.0
