case_id,none,partial,severe
case_01_MansoryBrickLaying_00,1.0,0.6651333333333334,0.09642222222222223
case_02_MansoryBrickLaying_01,1.0,0.47037777777777784,0.0
case_03_MansoryBrickLaying_02,1.0,0.6797111111111112,0.0
case_04_MansoryCement_02,1.0,0.667,0.18880000000000002
case_05_RebarPlacement_00,1.0,0.9372,0.0
case_06_RebarTying_01,1.0,0.6092444444444445,0.0
case_07_RebarTying_02,0.935288888888889,0.5276666666666667,0.0
case_08_WallPlacement_00,1.0,0.9409555555555557,0.0
