synthetic_level,n,detected,detection_rate_percent,mean_visible_body12,median_visible_body12,mean_yolo_conf
none,360,360,100.0,0.9919111111111112,1.0,0.8281211111111111
partial,360,315,87.5,0.6871611111111111,0.667,0.6694752380952381
severe,360,56,15.56,0.03565277777777778,0.0,0.40932142857142856
